,Temperatura,Humedad,Shannon_Index
Temperatura,1.0,-0.8484131591916186,-0.3503625215200551
Humedad,-0.8484131591916186,1.0,0.3182392811093289
Shannon_Index,-0.3503625215200551,0.3182392811093289,1.0
