probabilidad_teorica,proporcion_observada_dentro
0.5,0.48721269019100033
0.8,0.8277759792813209
0.95,0.9506312722563937
