probabilidad_teorica,proporcion_observada_dentro
0.5,0.532211071544189
0.8,0.8222725801230172
0.95,0.947070249271609
