parametro,valor
intercepto_centrado_en_medias,2.1122917199090026
beta_temperatura,-0.04716992896204697
beta_humedad,0.0030712657790119002
sd_condicional,0.619959743548538
