probabilidad_teorica,proporcion_observada_dentro
0.5,0.6432502427970217
0.8,0.8112657818064098
0.95,0.9009388151505342
