variable,parametro
intercepto_centrado_en_medias,2.1122917199090026
PM2.5,0.05860079734814044
PM10,-0.04723599085482442
NO2,0.005432678924053115
CO,-0.026936444704191972
O3,-0.20492040952669946
sd_condicional,0.6315161885647663
