perfil,cuantil_indice_contaminacion,indice_contaminacion_z,shannon_esperado,ic95_inferior_condicional,ic95_superior_condicional
Baja contaminacion conjunta,0.1,-0.7018799859424878,2.2576698436253184,1.0198981140383765,3.4954415732122603
Perfil promedio,0.5,-0.13397181255510066,2.3555544047100394,1.1177826751230975,3.5933261342969813
Alta contaminacion conjunta,0.9,0.8231674873628776,2.240729039440654,1.002957309853712,3.4785007690275958
