variable,uniqueness,communality
PM2.5,0.044131331196495927,0.9558686688035041
PM10,0.2696862734244708,0.7303137265755292
NO2,0.30392217794089804,0.696077822059102
CO,0.3523640923758824,0.6476359076241176
O3,0.299694233279037,0.700305766720963
Temperatura,0.13961426406763722,0.8603857359323628
Humedad,0.1455715944991639,0.8544284055008361
Viento,0.6456186531902754,0.35438134680972455
Radiacion_Solar,0.24655876319515158,0.7534412368048484
