threshold,value
pollution_q1,-0.4831841260555854
pollution_q3,0.35036645166365055
